date_time,maxtempC,mintempC,totalSnow_cm,sunHour,uvIndex,moon_illumination,moonrise,moonset,sunrise,sunset,DewPointC,FeelsLikeC,HeatIndexC,WindChillC,WindGustKmph,cloudcover,humidity,precipMM,pressure,tempC,visibility,winddirDegree,windspeedKmph,location
2018-01-01,24,15,0.0,11.6,5,97,07:43 PM,04:58 AM,06:01 AM,08:45 PM,12,19,19,19,14,22,67,0.0,1007,24,10,203,11,Melbourne
2018-01-02,21,15,0.0,10.5,5,100,08:48 PM,05:57 AM,06:02 AM,08:45 PM,11,17,17,17,19,43,67,0.0,1009,21,10,197,14,Melbourne
2018-01-03,20,14,0.0,11.6,5,89,09:46 PM,07:03 AM,06:03 AM,08:46 PM,10,16,17,16,21,25,64,0.1,1015,20,10,196,16,Melbourne
2018-01-04,25,13,0.0,11.6,5,81,10:35 PM,08:12 AM,06:04 AM,08:46 PM,12,19,19,19,12,18,68,0.0,1016,25,10,170,9,Melbourne
2018-01-05,28,14,0.0,11.6,6,74,11:19 PM,09:23 AM,06:05 AM,08:46 PM,13,21,21,21,9,28,63,0.0,1015,28,10,166,7,Melbourne
2018-01-06,36,20,0.0,11.6,7,67,11:57 PM,10:31 AM,06:06 AM,08:46 PM,11,27,27,27,38,5,40,0.0,1009,36,10,176,20,Melbourne
2018-01-07,22,17,0.0,11.6,5,59,No moonrise,11:38 AM,06:06 AM,08:46 PM,12,19,20,19,17,9,64,0.0,1013,22,10,184,13,Melbourne
2018-01-08,23,16,0.0,11.6,5,52,12:31 AM,12:40 PM,06:07 AM,08:45 PM,12,19,19,19,14,40,67,0.4,1012,23,10,177,11,Melbourne
2018-01-09,20,14,0.0,10.5,5,45,01:03 AM,01:41 PM,06:08 AM,08:45 PM,10,17,17,17,21,20,66,0.1,1015,20,10,202,16,Melbourne
2018-01-10,25,13,0.0,10.5,5,38,01:35 AM,02:40 PM,06:09 AM,08:45 PM,11,19,19,19,13,28,62,0.0,1017,25,10,167,10,Melbourne
2018-01-11,31,16,0.0,11.6,6,30,02:06 AM,03:37 PM,06:10 AM,08:45 PM,13,25,25,25,12,11,49,0.0,1012,31,10,84,7,Melbourne
2018-01-12,26,17,0.0,8.3,5,23,02:39 AM,04:33 PM,06:11 AM,08:45 PM,16,24,24,23,25,85,66,7.5,1005,26,7,140,15,Melbourne
2018-01-13,18,13,0.0,9.4,5,16,03:15 AM,05:29 PM,06:12 AM,08:44 PM,10,15,15,15,25,65,71,0.6,1005,18,8,243,18,Melbourne
2018-01-14,18,13,0.0,10.5,5,9,03:53 AM,06:21 PM,06:13 AM,08:44 PM,8,14,15,14,28,31,63,0.0,1017,18,10,192,21,Melbourne
2018-01-15,20,14,0.0,9.4,4,1,04:35 AM,07:12 PM,06:14 AM,08:44 PM,12,16,16,16,22,50,74,0.1,1020,20,10,202,16,Melbourne
2018-01-16,24,13,0.0,11.6,5,0,05:22 AM,08:00 PM,06:15 AM,08:43 PM,11,19,19,19,17,9,65,0.0,1021,24,10,161,12,Melbourne
2018-01-17,29,13,0.0,11.6,6,0,06:12 AM,08:43 PM,06:16 AM,08:43 PM,10,21,22,21,10,9,51,0.0,1018,29,10,181,6,Melbourne
2018-01-18,34,19,0.0,11.6,7,6,07:05 AM,09:24 PM,06:17 AM,08:43 PM,8,26,26,27,28,0,34,0.0,1014,34,10,179,14,Melbourne
2018-01-19,35,21,0.0,11.6,7,13,08:00 AM,10:00 PM,06:18 AM,08:42 PM,8,27,27,28,29,1,31,0.0,1011,35,10,210,16,Melbourne
2018-01-20,25,18,0.0,11.6,6,20,08:57 AM,10:34 PM,06:20 AM,08:42 PM,16,22,23,22,13,29,71,1.7,1012,25,10,199,9,Melbourne
2018-01-21,29,20,0.0,11.6,6,28,09:55 AM,11:06 PM,06:21 AM,08:41 PM,16,25,25,25,11,39,62,1.5,1008,29,10,217,7,Melbourne
2018-01-22,28,17,0.0,11.6,6,35,10:54 AM,11:38 PM,06:22 AM,08:41 PM,16,21,22,21,15,15,74,0.0,1008,28,10,193,12,Melbourne
2018-01-23,24,16,0.0,11.6,5,42,11:54 AM,No moonset,06:23 AM,08:40 PM,12,19,19,19,17,17,67,0.0,1010,24,10,184,13,Melbourne
2018-01-24,25,15,0.0,11.6,5,49,12:55 PM,12:09 AM,06:24 AM,08:39 PM,14,19,19,19,16,15,71,0.0,1010,25,10,179,12,Melbourne
2018-01-25,30,16,0.0,11.6,6,57,01:59 PM,12:42 AM,06:25 AM,08:39 PM,16,22,22,22,12,38,73,1.0,1009,30,10,212,8,Melbourne
2018-01-26,31,19,0.0,10.5,6,64,03:05 PM,01:18 AM,06:26 AM,08:38 PM,19,24,24,23,11,37,81,12.9,1010,31,8,193,7,Melbourne
2018-01-27,30,19,0.0,11.6,6,71,04:12 PM,01:58 AM,06:27 AM,08:37 PM,19,26,26,25,10,30,74,0.0,1009,30,9,176,6,Melbourne
2018-01-28,33,23,0.0,11.6,7,78,05:20 PM,02:44 AM,06:29 AM,08:36 PM,18,29,29,28,28,9,55,0.0,1007,33,10,15,15,Melbourne
2018-01-29,28,19,0.0,10.5,6,86,06:25 PM,03:38 AM,06:30 AM,08:36 PM,18,26,26,25,41,41,66,12.2,1007,28,9,127,23,Melbourne
2018-01-30,18,15,0.0,8.2,4,93,07:27 PM,04:38 AM,06:31 AM,08:35 PM,11,16,16,16,30,78,74,9.2,1011,18,9,191,23,Melbourne
2018-01-31,17,14,0.0,10.5,4,97,08:20 PM,05:46 AM,06:32 AM,08:34 PM,8,14,15,14,32,44,62,0.3,1015,17,10,185,24,Melbourne
2018-02-01,21,12,0.0,11.6,5,88,09:08 PM,06:56 AM,06:33 AM,08:33 PM,7,15,16,15,23,0,58,0.0,1016,21,10,164,17,Melbourne
2018-02-02,22,13,0.0,11.6,5,81,09:50 PM,08:07 AM,06:34 AM,08:32 PM,11,18,19,18,17,4,66,0.0,1018,22,10,171,13,Melbourne
2018-02-03,25,14,0.0,11.6,5,73,10:27 PM,09:16 AM,06:35 AM,08:31 PM,13,20,21,20,19,17,65,0.0,1021,25,10,142,12,Melbourne
2018-02-04,26,15,0.0,11.6,6,66,11:01 PM,10:23 AM,06:37 AM,08:30 PM,13,21,22,21,13,0,64,0.0,1022,26,10,177,9,Melbourne
2018-02-05,26,15,0.0,11.6,6,58,11:34 PM,11:27 AM,06:38 AM,08:29 PM,13,20,21,20,13,13,67,0.0,1019,26,10,182,9,Melbourne
2018-02-06,29,16,0.0,11.6,6,51,No moonrise,12:28 PM,06:39 AM,08:28 PM,13,23,23,23,11,8,57,0.0,1016,29,10,176,7,Melbourne
2018-02-07,32,19,0.0,11.6,7,43,12:06 AM,01:28 PM,06:40 AM,08:27 PM,13,26,26,26,16,5,49,0.0,1014,32,10,117,9,Melbourne
2018-02-08,28,20,0.0,11.6,6,36,12:39 AM,02:25 PM,06:41 AM,08:26 PM,15,25,25,24,15,24,59,0.0,1014,28,10,241,10,Melbourne
2018-02-09,25,18,0.0,11.6,6,28,01:14 AM,03:22 PM,06:42 AM,08:25 PM,16,21,22,21,12,33,74,0.0,1014,25,10,169,9,Melbourne
2018-02-10,28,19,0.0,11.6,6,20,01:52 AM,04:15 PM,06:43 AM,08:24 PM,15,24,24,23,30,32,62,0.4,1006,28,10,184,17,Melbourne
2018-02-11,20,15,0.0,11.6,5,13,02:33 AM,05:07 PM,06:45 AM,08:23 PM,11,17,17,17,23,29,66,0.0,1008,20,10,206,18,Melbourne
2018-02-12,21,14,0.0,11.6,5,5,03:18 AM,05:56 PM,06:46 AM,08:22 PM,10,17,17,17,17,25,62,0.2,1011,21,10,202,13,Melbourne
2018-02-13,26,14,0.0,11.6,6,0,04:06 AM,06:41 PM,06:47 AM,08:21 PM,12,21,22,21,7,7,58,0.1,1010,26,10,160,4,Melbourne
2018-02-14,22,16,0.0,11.6,5,0,04:59 AM,07:23 PM,06:48 AM,08:20 PM,6,20,20,20,35,8,42,0.1,1008,22,10,278,24,Melbourne
2018-02-15,21,13,0.0,6.9,4,0,05:54 AM,08:00 PM,06:49 AM,08:19 PM,9,17,18,17,20,51,59,0.0,1013,21,10,266,14,Melbourne
2018-02-16,20,14,0.0,11.6,5,2,06:50 AM,08:35 PM,06:50 AM,08:17 PM,10,17,17,17,19,25,66,0.1,1013,20,10,210,14,Melbourne
2018-02-17,26,13,0.0,11.6,5,10,07:49 AM,09:09 PM,06:51 AM,08:16 PM,11,19,20,19,11,3,63,0.0,1012,26,10,160,9,Melbourne
2018-02-18,25,15,0.0,11.6,5,17,08:48 AM,09:41 PM,06:52 AM,08:15 PM,13,19,20,19,13,21,68,0.0,1013,25,10,164,10,Melbourne
2018-02-19,23,16,0.0,10.4,5,25,09:49 AM,10:12 PM,06:53 AM,08:14 PM,14,19,19,19,27,46,76,3.0,1015,23,10,147,19,Melbourne
2018-02-20,26,14,0.0,11.6,5,32,10:49 AM,10:44 PM,06:55 AM,08:12 PM,11,20,21,20,17,1,60,0.0,1017,26,10,137,10,Melbourne
2018-02-21,26,17,0.0,10.4,6,40,11:52 AM,11:19 PM,06:56 AM,08:11 PM,11,21,22,21,18,27,52,0.0,1015,26,10,81,11,Melbourne
2018-02-22,26,19,0.0,9.2,6,47,12:56 PM,11:57 PM,06:57 AM,08:10 PM,13,23,23,22,10,52,55,0.2,1014,26,9,217,6,Melbourne
2018-02-23,29,19,0.0,11.6,6,55,02:01 PM,No moonset,06:58 AM,08:08 PM,14,24,24,24,33,44,57,2.6,1009,29,9,104,18,Melbourne
2018-02-24,27,16,0.0,9.2,5,62,03:07 PM,12:39 AM,06:59 AM,08:07 PM,15,23,23,22,38,52,64,3.1,1004,27,9,188,23,Melbourne
2018-02-25,19,15,0.0,9.1,5,70,04:11 PM,01:28 AM,07:00 AM,08:06 PM,10,16,17,16,31,62,65,0.3,1012,19,10,171,24,Melbourne
2018-02-26,25,14,0.0,11.6,5,77,05:12 PM,02:23 AM,07:01 AM,08:04 PM,11,19,20,19,16,7,62,0.0,1015,25,10,149,11,Melbourne
2018-02-27,27,17,0.0,11.6,6,85,06:07 PM,03:25 AM,07:02 AM,08:03 PM,11,22,22,22,23,3,53,0.0,1014,27,10,109,14,Melbourne
2018-02-28,26,17,0.0,11.6,6,93,06:56 PM,04:32 AM,07:03 AM,08:02 PM,10,23,23,22,46,22,46,0.0,1007,26,10,175,29,Melbourne
2018-03-01,19,15,0.0,9.0,4,96,07:41 PM,05:42 AM,07:04 AM,08:00 PM,12,17,17,17,22,69,74,0.2,1016,19,10,196,16,Melbourne
2018-03-02,23,14,0.0,11.6,5,100,08:19 PM,06:52 AM,07:05 AM,07:59 PM,13,18,19,18,11,33,73,0.0,1013,23,10,163,7,Melbourne
2018-03-03,28,16,0.0,11.6,6,89,08:55 PM,08:00 AM,07:06 AM,07:58 PM,13,21,21,21,18,9,63,0.0,1009,28,10,162,12,Melbourne
2018-03-04,19,15,0.0,11.6,5,82,09:30 PM,09:07 AM,07:07 AM,07:56 PM,10,16,16,16,21,29,68,0.1,1015,19,10,198,15,Melbourne
2018-03-05,19,14,0.0,10.3,5,74,10:02 PM,10:11 AM,07:08 AM,07:55 PM,9,16,16,16,23,30,63,0.1,1019,19,10,175,17,Melbourne
2018-03-06,25,13,0.0,11.6,5,67,10:36 PM,11:13 AM,07:09 AM,07:53 PM,10,18,18,18,19,7,63,0.0,1023,25,10,162,13,Melbourne
2018-03-07,27,14,0.0,11.6,6,60,11:11 PM,12:13 PM,07:10 AM,07:52 PM,11,21,22,21,11,2,56,0.0,1024,27,10,145,7,Melbourne
2018-03-08,28,17,0.0,11.6,6,53,11:48 PM,01:11 PM,07:11 AM,07:50 PM,11,22,22,22,14,1,51,0.0,1024,28,10,163,8,Melbourne
2018-03-09,28,16,0.0,11.6,6,45,No moonrise,02:07 PM,07:12 AM,07:49 PM,12,23,23,23,9,0,51,0.0,1024,28,10,187,6,Melbourne
2018-03-10,30,17,0.0,11.6,6,38,12:28 AM,03:00 PM,07:13 AM,07:48 PM,11,24,24,24,11,0,43,0.0,1023,30,10,140,6,Melbourne
2018-03-11,24,15,0.0,11.6,6,31,01:12 AM,03:50 PM,07:14 AM,07:46 PM,11,20,21,20,20,20,56,0.0,1022,24,10,245,14,Melbourne
2018-03-12,18,15,0.0,10.2,5,24,01:59 AM,04:36 PM,07:15 AM,07:45 PM,11,16,16,16,24,71,71,0.3,1022,18,10,198,18,Melbourne
2018-03-13,19,14,0.0,10.2,5,16,02:50 AM,05:19 PM,07:16 AM,07:43 PM,11,16,16,16,21,40,72,0.3,1021,19,10,193,15,Melbourne
2018-03-14,20,14,0.0,10.2,5,9,03:44 AM,05:58 PM,07:17 AM,07:42 PM,12,16,16,16,14,46,75,0.0,1018,20,10,196,10,Melbourne
2018-03-15,19,13,0.0,11.6,5,2,04:40 AM,06:34 PM,07:18 AM,07:40 PM,11,16,16,16,14,41,74,0.0,1015,19,10,188,10,Melbourne
2018-03-16,23,12,0.0,8.9,5,0,05:39 AM,07:09 PM,07:19 AM,07:39 PM,11,18,18,18,8,39,66,0.0,1014,23,10,173,5,Melbourne
2018-03-17,29,18,0.0,10.2,6,0,06:38 AM,07:41 PM,07:20 AM,07:37 PM,8,24,24,24,39,26,38,0.1,1010,29,10,134,22,Melbourne
2018-03-18,25,16,0.0,10.2,6,5,07:39 AM,08:13 PM,07:21 AM,07:36 PM,6,20,21,20,38,33,40,0.0,1008,25,10,249,25,Melbourne
2018-03-19,23,14,0.0,11.6,5,13,08:41 AM,08:46 PM,07:22 AM,07:34 PM,9,17,18,17,24,28,59,0.0,1016,23,10,295,16,Melbourne
2018-03-20,18,14,0.0,11.6,5,20,09:45 AM,09:20 PM,07:23 AM,07:33 PM,9,15,16,15,27,37,64,0.2,1025,18,10,184,20,Melbourne
2018-03-21,24,12,0.0,11.6,5,27,10:49 AM,09:57 PM,07:24 AM,07:31 PM,8,16,18,16,25,28,58,0.0,1027,24,10,121,17,Melbourne
2018-03-22,25,13,0.0,11.6,5,34,11:55 AM,10:38 PM,07:25 AM,07:29 PM,9,19,19,19,14,13,56,0.0,1024,25,10,90,8,Melbourne
2018-03-23,26,17,0.0,11.6,6,42,01:00 PM,11:24 PM,07:26 AM,07:28 PM,11,21,22,21,27,18,53,0.0,1020,26,10,14,16,Melbourne
2018-03-24,21,17,0.0,8.8,5,49,02:04 PM,No moonset,07:27 AM,07:26 PM,15,19,19,19,29,45,77,17.1,1012,21,9,94,16,Melbourne
2018-03-25,22,12,0.0,11.6,5,56,03:05 PM,12:16 AM,07:28 AM,07:25 PM,11,18,19,18,42,44,60,0.1,1001,22,10,262,28,Melbourne
2018-03-26,16,10,0.0,8.8,4,63,04:01 PM,01:15 AM,07:28 AM,07:23 PM,7,11,13,11,35,48,66,1.8,1009,16,10,265,24,Melbourne
2018-03-27,20,10,0.0,11.6,5,71,04:50 PM,02:18 AM,07:29 AM,07:22 PM,7,15,15,15,22,37,61,0.0,1016,20,10,213,14,Melbourne
2018-03-28,25,16,0.0,11.6,5,78,05:35 PM,03:26 AM,07:30 AM,07:20 PM,8,20,20,20,34,12,50,0.0,1014,25,10,193,20,Melbourne
2018-03-29,21,15,0.0,11.6,5,85,06:14 PM,04:33 AM,07:31 AM,07:19 PM,13,17,18,17,9,36,78,0.1,1016,21,10,173,7,Melbourne
2018-03-30,21,14,0.0,11.6,5,93,06:51 PM,05:41 AM,07:32 AM,07:17 PM,11,17,17,17,15,16,71,0.0,1016,21,10,243,10,Melbourne
2018-03-31,21,12,0.0,11.6,5,96,07:25 PM,06:48 AM,07:33 AM,07:16 PM,11,17,17,17,7,13,70,0.0,1017,21,10,181,5,Melbourne
2018-04-01,24,13,0.0,11.6,5,89,07:58 PM,07:53 AM,07:34 AM,07:14 PM,9,18,19,18,15,31,56,0.0,1014,24,10,181,9,Melbourne
2018-04-02,18,14,0.0,11.6,5,81,08:31 PM,08:56 AM,07:35 AM,07:13 PM,11,16,16,16,15,35,71,0.1,1018,18,10,216,10,Melbourne
2018-04-03,19,12,0.0,11.6,5,74,09:06 PM,09:58 AM,07:36 AM,07:11 PM,11,15,15,15,14,15,76,0.0,1022,19,10,208,9,Melbourne
2018-04-04,22,13,0.0,11.6,5,66,09:43 PM,10:58 AM,07:37 AM,07:10 PM,12,16,17,16,11,23,77,0.0,1020,22,10,170,7,Melbourne
2018-04-05,19,13,0.0,11.6,4,59,10:22 PM,11:56 AM,07:38 AM,07:08 PM,12,15,15,15,9,23,82,0.1,1016,19,10,184,7,Melbourne
2018-04-06,18,12,0.0,8.7,3,51,11:05 PM,12:51 PM,07:38 AM,07:07 PM,12,15,15,15,11,53,80,0.0,1019,18,10,209,8,Melbourne
2018-04-07,20,11,0.0,11.6,5,44,11:51 PM,01:43 PM,07:39 AM,07:05 PM,10,16,16,16,9,14,71,0.0,1020,20,10,201,6,Melbourne
2018-04-08,26,14,0.0,11.6,5,36,No moonrise,02:31 PM,07:40 AM,07:04 PM,8,19,20,19,26,11,49,0.0,1016,26,10,166,14,Melbourne
2018-04-09,21,15,0.0,11.6,5,28,12:40 AM,03:15 PM,07:41 AM,07:02 PM,12,19,19,19,12,7,64,0.0,1018,21,10,191,7,Melbourne
2018-04-10,26,16,0.0,8.7,5,21,01:33 AM,03:56 PM,07:42 AM,07:01 PM,11,22,22,22,32,61,53,0.8,1016,26,10,232,16,Melbourne
2018-04-11,25,16,0.0,11.2,5,13,02:28 AM,04:32 PM,07:43 AM,06:59 PM,14,20,20,20,7,20,69,1.2,1015,25,10,212,4,Melbourne
2018-04-12,25,16,0.0,11.1,6,6,03:26 AM,05:07 PM,07:44 AM,06:58 PM,9,22,22,22,31,10,48,0.5,1009,25,10,212,17,Melbourne
2018-04-13,23,14,0.0,11.1,5,0,04:24 AM,05:40 PM,07:45 AM,06:57 PM,10,18,19,18,26,5,60,0.0,1006,23,10,293,16,Melbourne
2018-04-14,15,11,0.0,7.1,4,0,05:25 AM,06:12 PM,07:46 AM,06:55 PM,7,10,13,10,45,52,67,7.8,999,15,10,303,31,Melbourne
2018-04-15,16,12,0.0,5.5,3,0,06:27 AM,06:44 PM,07:47 AM,06:54 PM,10,13,14,13,36,84,76,0.9,1003,16,10,289,23,Melbourne
2018-04-16,18,12,0.0,7.0,4,1,07:31 AM,07:18 PM,07:47 AM,06:52 PM,11,15,15,15,31,66,75,0.3,1013,18,10,267,21,Melbourne
2018-04-17,15,11,0.0,11.0,4,9,08:36 AM,07:54 PM,07:48 AM,06:51 PM,7,12,13,12,19,31,68,0.1,1024,15,10,188,13,Melbourne
2018-04-18,20,9,0.0,5.5,3,17,09:44 AM,08:34 PM,07:49 AM,06:50 PM,9,14,14,14,7,59,70,0.0,1022,20,10,64,5,Melbourne
2018-04-19,21,13,0.0,11.0,5,24,10:51 AM,09:20 PM,07:50 AM,06:48 PM,9,17,17,17,10,14,64,0.0,1019,21,10,273,6,Melbourne
2018-04-20,20,11,0.0,11.0,5,32,11:58 AM,10:11 PM,07:51 AM,06:47 PM,10,17,17,17,7,0,66,0.0,1021,20,10,155,5,Melbourne
2018-04-21,21,11,0.0,10.9,5,39,01:01 PM,11:09 PM,07:52 AM,06:46 PM,10,16,16,16,5,13,69,0.0,1021,21,10,240,3,Melbourne
2018-04-22,20,12,0.0,10.9,5,47,01:59 PM,No moonset,07:53 AM,06:44 PM,12,17,17,17,5,4,73,0.0,1021,20,10,238,4,Melbourne
2018-04-23,23,13,0.0,10.9,5,54,02:50 PM,12:11 AM,07:54 AM,06:43 PM,10,19,19,19,17,4,61,0.0,1018,23,10,73,9,Melbourne
2018-04-24,24,16,0.0,10.1,5,62,03:35 PM,01:17 AM,07:55 AM,06:42 PM,9,20,20,20,33,28,50,0.0,1015,24,10,156,18,Melbourne
2018-04-25,19,14,0.0,10.1,5,69,04:15 PM,02:23 AM,07:55 AM,06:40 PM,13,16,16,16,8,52,80,0.1,1016,19,10,224,6,Melbourne
2018-04-26,16,12,0.0,7.0,4,77,04:51 PM,03:30 AM,07:56 AM,06:39 PM,9,13,14,13,18,40,74,0.2,1020,16,10,243,12,Melbourne
2018-04-27,17,11,0.0,8.5,3,85,05:25 PM,04:35 AM,07:57 AM,06:38 PM,9,13,14,13,14,44,76,0.1,1026,17,10,187,10,Melbourne
2018-04-28,18,9,0.0,10.8,4,92,05:57 PM,05:39 AM,07:58 AM,06:37 PM,9,14,14,14,10,10,76,0.0,1027,18,10,175,7,Melbourne
2018-04-29,17,11,0.0,10.0,4,100,06:29 PM,06:42 AM,07:59 AM,06:35 PM,10,14,14,14,12,40,79,0.2,1028,17,10,184,8,Melbourne
2018-04-30,18,11,0.0,10.3,4,100,07:03 PM,07:44 AM,08:00 AM,06:34 PM,9,15,15,15,7,25,71,0.0,1028,18,10,194,5,Melbourne
2018-05-01,20,11,0.0,10.3,5,89,07:39 PM,08:45 AM,08:01 AM,06:33 PM,5,16,16,16,20,16,47,0.0,1024,20,10,11,11,Melbourne
2018-05-02,21,15,0.0,10.3,5,82,08:16 PM,09:44 AM,08:02 AM,06:32 PM,6,18,18,18,29,39,46,0.0,1016,21,10,52,16,Melbourne
2018-05-03,22,15,0.0,8.4,5,75,08:58 PM,10:41 AM,08:03 AM,06:31 PM,7,18,19,18,42,47,48,0.1,1010,22,10,174,26,Melbourne
2018-05-04,15,12,0.0,10.0,4,68,09:43 PM,11:35 AM,08:03 AM,06:30 PM,8,11,13,11,33,44,69,7.0,1013,15,10,298,23,Melbourne
2018-05-05,18,11,0.0,10.3,4,60,10:31 PM,12:25 PM,08:04 AM,06:29 PM,9,13,14,13,24,31,72,0.0,1026,18,10,299,14,Melbourne
2018-05-06,19,11,0.0,10.2,4,53,11:23 PM,01:11 PM,08:05 AM,06:28 PM,10,14,15,14,14,10,73,0.0,1029,19,10,230,8,Melbourne
2018-05-07,18,12,0.0,10.0,4,46,No moonrise,01:53 PM,08:06 AM,06:27 PM,7,14,15,14,36,28,60,0.0,1019,18,10,171,23,Melbourne
2018-05-08,17,11,0.0,8.3,3,39,12:17 AM,02:31 PM,08:07 AM,06:26 PM,8,14,14,14,9,49,70,0.0,1021,17,10,187,6,Melbourne
2018-05-09,17,10,0.0,10.0,4,31,01:13 AM,03:06 PM,08:08 AM,06:25 PM,7,13,14,13,25,25,66,0.0,1017,17,10,291,17,Melbourne
2018-05-10,12,7,0.0,8.3,3,24,02:10 AM,03:39 PM,08:09 AM,06:24 PM,5,7,10,7,27,53,74,2.6,1010,12,10,269,18,Melbourne
2018-05-11,13,8,0.0,5.1,3,17,03:09 AM,04:10 PM,08:10 AM,06:23 PM,9,8,11,8,41,99,85,15.4,1011,13,9,204,28,Melbourne
2018-05-12,15,11,0.0,8.3,4,9,04:10 AM,04:41 PM,08:10 AM,06:22 PM,9,11,13,11,35,49,75,0.6,1023,15,10,185,24,Melbourne
2018-05-13,14,12,0.0,5.1,3,2,05:13 AM,05:14 PM,08:11 AM,06:21 PM,10,12,13,12,22,87,83,0.5,1028,14,10,190,15,Melbourne
2018-05-14,15,9,0.0,10.1,4,0,06:17 AM,05:49 PM,08:12 AM,06:20 PM,9,12,12,12,7,21,81,0.1,1028,15,10,186,5,Melbourne
2018-05-15,13,10,0.0,5.0,3,0,07:25 AM,06:28 PM,08:13 AM,06:19 PM,8,10,12,10,22,79,81,0.7,1027,13,9,218,15,Melbourne
2018-05-16,12,10,0.0,5.0,3,5,08:34 AM,07:12 PM,08:14 AM,06:18 PM,7,9,11,9,20,70,74,0.0,1030,12,10,202,13,Melbourne
2018-05-17,14,8,0.0,5.0,3,12,09:44 AM,08:02 PM,08:15 AM,06:18 PM,8,10,11,10,20,77,81,0.3,1026,14,9,276,13,Melbourne
2018-05-18,15,11,0.0,8.3,3,19,10:50 AM,08:59 PM,08:15 AM,06:17 PM,10,12,13,12,21,53,82,1.1,1023,15,9,259,13,Melbourne
2018-05-19,13,9,0.0,10.0,4,27,11:53 AM,10:02 PM,08:16 AM,06:16 PM,8,9,11,9,20,41,81,0.2,1024,13,10,269,12,Melbourne
2018-05-20,15,9,0.0,5.0,3,34,12:47 PM,11:08 PM,08:17 AM,06:16 PM,10,11,13,11,27,88,84,1.4,1022,15,9,276,17,Melbourne
2018-05-21,14,12,0.0,5.0,3,41,01:36 PM,No moonset,08:18 AM,06:15 PM,10,11,13,11,30,78,80,2.2,1022,14,10,259,19,Melbourne
2018-05-22,16,13,0.0,5.0,3,48,02:17 PM,12:15 AM,08:19 AM,06:14 PM,12,13,14,13,27,96,85,0.9,1024,16,9,250,18,Melbourne
2018-05-23,14,12,0.0,5.0,3,56,02:54 PM,01:23 AM,08:19 AM,06:14 PM,10,12,13,12,17,84,86,0.3,1027,14,10,247,11,Melbourne
2018-05-24,14,11,0.0,6.6,3,63,03:28 PM,02:28 AM,08:20 AM,06:13 PM,9,11,12,11,19,64,82,0.4,1027,14,10,209,12,Melbourne
2018-05-25,15,9,0.0,9.9,4,70,04:00 PM,03:32 AM,08:21 AM,06:12 PM,8,13,13,13,7,18,75,0.1,1028,15,10,147,5,Melbourne
2018-05-26,17,8,0.0,9.9,4,78,04:31 PM,04:34 AM,08:22 AM,06:12 PM,9,12,13,12,17,16,77,0.0,1027,17,10,57,10,Melbourne
2018-05-27,17,12,0.0,9.9,4,85,05:04 PM,05:35 AM,08:22 AM,06:11 PM,9,14,15,14,31,36,70,0.0,1024,17,10,12,19,Melbourne
2018-05-28,18,14,0.0,9.9,5,92,05:38 PM,06:35 AM,08:23 AM,06:11 PM,8,15,16,15,39,49,60,0.0,1019,18,10,13,24,Melbourne
2018-05-29,16,11,0.0,9.9,4,99,06:14 PM,07:35 AM,08:24 AM,06:10 PM,7,13,14,13,31,37,62,0.5,1015,16,10,259,21,Melbourne
2018-05-30,14,8,0.0,8.3,4,100,06:54 PM,08:32 AM,08:25 AM,06:10 PM,6,9,11,9,26,35,73,1.5,1021,14,10,270,17,Melbourne
2018-05-31,13,9,0.0,8.3,4,89,07:37 PM,09:28 AM,08:25 AM,06:10 PM,6,9,11,9,29,48,70,0.0,1027,13,10,196,19,Melbourne
2018-06-01,13,7,0.0,9.8,3,74,08:24 PM,10:19 AM,08:26 AM,06:09 PM,5,10,10,10,7,6,73,0.0,1029,13,10,169,4,Melbourne
2018-06-02,13,6,0.0,9.8,3,67,09:15 PM,11:07 AM,08:27 AM,06:09 PM,7,10,10,10,10,15,79,0.0,1027,13,10,166,6,Melbourne
2018-06-03,13,8,0.0,8.3,3,59,10:08 PM,11:51 AM,08:27 AM,06:09 PM,7,9,10,9,13,47,82,0.0,1024,13,10,159,8,Melbourne
2018-06-04,13,8,0.0,9.8,4,52,11:03 PM,12:30 PM,08:28 AM,06:08 PM,8,10,11,10,11,41,82,0.2,1023,13,10,200,7,Melbourne
2018-06-05,14,9,0.0,9.8,4,44,11:59 PM,01:06 PM,08:29 AM,06:08 PM,8,11,12,11,11,29,79,0.3,1028,14,10,157,7,Melbourne
2018-06-06,16,8,0.0,9.8,4,36,No moonrise,01:39 PM,08:29 AM,06:08 PM,6,11,12,11,16,8,70,0.0,1029,16,10,32,9,Melbourne
2018-06-07,15,12,0.0,9.8,4,29,12:56 AM,02:10 PM,08:30 AM,06:08 PM,8,12,14,12,43,24,70,0.0,1023,15,10,6,27,Melbourne
2018-06-08,15,12,0.0,4.9,3,21,01:55 AM,02:40 PM,08:30 AM,06:08 PM,9,11,13,11,34,65,77,1.0,1018,15,8,347,23,Melbourne
2018-06-09,14,9,0.0,9.8,4,14,02:55 AM,03:12 PM,08:31 AM,06:07 PM,9,12,12,12,9,26,84,0.5,1022,14,10,248,6,Melbourne
2018-06-10,14,7,0.0,9.8,4,6,03:58 AM,03:45 PM,08:31 AM,06:07 PM,8,12,12,12,4,2,78,0.0,1026,14,10,70,3,Melbourne
2018-06-11,15,9,0.0,9.8,4,0,05:03 AM,04:20 PM,08:32 AM,06:07 PM,7,10,12,10,30,31,72,0.0,1019,15,10,24,19,Melbourne
2018-06-12,13,11,0.0,4.9,3,0,06:11 AM,05:01 PM,08:32 AM,06:07 PM,9,9,12,9,39,78,81,5.5,1007,13,10,161,27,Melbourne
2018-06-13,12,7,0.0,6.6,3,0,07:22 AM,05:49 PM,08:33 AM,06:07 PM,6,7,10,7,30,44,78,2.3,1008,12,10,326,20,Melbourne
2018-06-14,12,8,0.0,9.7,4,1,08:31 AM,06:43 PM,08:33 AM,06:07 PM,6,7,10,7,43,59,74,0.3,1008,12,9,334,29,Melbourne
2018-06-15,11,8,0.0,8.2,3,9,09:38 AM,07:45 PM,08:34 AM,06:07 PM,5,7,10,7,39,43,73,3.7,1009,11,10,298,25,Melbourne
2018-06-16,11,7,0.0,9.7,3,16,10:38 AM,08:52 PM,08:34 AM,06:07 PM,4,5,8,5,33,37,76,0.8,1012,11,10,288,22,Melbourne
2018-06-17,11,8,0.0,4.9,2,24,11:31 AM,10:02 PM,08:34 AM,06:07 PM,7,7,10,7,44,86,84,11.8,1015,11,9,223,28,Melbourne
2018-06-18,11,9,0.0,4.9,3,31,12:16 PM,11:12 PM,08:35 AM,06:07 PM,7,8,10,8,23,70,80,1.6,1026,11,10,189,15,Melbourne
2018-06-19,13,5,0.0,9.7,3,39,12:56 PM,No moonset,08:35 AM,06:08 PM,6,9,10,9,9,18,76,0.0,1028,13,10,72,6,Melbourne
2018-06-20,12,7,0.0,9.7,3,46,01:31 PM,12:19 AM,08:35 AM,06:08 PM,5,7,9,7,21,62,73,0.0,1028,12,10,99,13,Melbourne
2018-06-21,13,6,0.0,9.7,3,54,02:04 PM,01:25 AM,08:35 AM,06:08 PM,5,8,9,8,12,22,72,0.0,1028,13,10,241,7,Melbourne
2018-06-22,13,6,0.0,9.7,3,61,02:35 PM,02:27 AM,08:36 AM,06:08 PM,5,8,10,8,14,21,74,0.0,1028,13,10,345,8,Melbourne
2018-06-23,11,7,0.0,4.9,2,69,03:07 PM,03:29 AM,08:36 AM,06:08 PM,6,7,9,7,19,61,82,0.5,1027,11,9,287,12,Melbourne
2018-06-24,11,8,0.0,8.2,2,77,03:40 PM,04:29 AM,08:36 AM,06:09 PM,6,7,9,7,17,49,80,0.3,1030,11,10,232,10,Melbourne
2018-06-25,12,7,0.0,9.7,3,84,04:14 PM,05:28 AM,08:36 AM,06:09 PM,6,8,9,8,11,27,81,0.1,1032,12,10,236,7,Melbourne
2018-06-26,12,6,0.0,9.7,3,92,04:53 PM,06:26 AM,08:36 AM,06:09 PM,7,9,9,9,5,46,85,0.0,1033,12,9,249,3,Melbourne
2018-06-27,12,7,0.0,9.7,3,99,05:35 PM,07:22 AM,08:36 AM,06:10 PM,4,9,9,9,6,51,71,0.0,1031,12,10,80,4,Melbourne
2018-06-28,11,5,0.0,9.7,3,100,06:20 PM,08:15 AM,08:36 AM,06:10 PM,3,8,8,8,5,45,69,0.0,1024,11,10,217,3,Melbourne
2018-06-29,12,9,0.0,9.7,4,86,07:09 PM,09:04 AM,08:36 AM,06:10 PM,6,8,10,8,33,47,75,0.0,1018,12,10,267,22,Melbourne
2018-06-30,12,8,0.0,9.8,2,78,08:01 PM,09:49 AM,08:36 AM,06:11 PM,5,7,10,7,34,52,74,1.5,1020,12,10,298,22,Melbourne
2018-07-01,12,6,0.0,9.8,3,75,08:56 PM,10:30 AM,08:36 AM,06:11 PM,4,8,9,8,12,18,75,0.0,1031,12,10,222,7,Melbourne
2018-07-02,12,5,0.0,9.8,3,68,09:52 PM,11:07 AM,08:36 AM,06:12 PM,4,7,8,7,19,7,72,0.0,1030,12,10,51,12,Melbourne
2018-07-03,13,8,0.0,9.8,4,61,10:48 PM,11:41 AM,08:36 AM,06:12 PM,6,7,11,7,44,33,71,0.0,1025,13,10,271,29,Melbourne
2018-07-04,14,11,0.0,9.8,4,54,11:46 PM,12:12 PM,08:36 AM,06:13 PM,6,9,12,9,57,27,65,0.0,1020,14,10,3,37,Melbourne
2018-07-05,16,11,0.0,9.8,4,46,No moonrise,12:42 PM,08:36 AM,06:13 PM,6,12,14,12,44,50,59,0.4,1012,16,9,136,27,Melbourne
2018-07-06,14,9,0.0,9.8,4,39,12:44 AM,01:12 PM,08:36 AM,06:14 PM,5,9,11,9,35,30,67,0.4,1007,14,10,306,23,Melbourne
2018-07-07,11,9,0.0,4.9,2,32,01:44 AM,01:43 PM,08:35 AM,06:14 PM,4,6,10,6,49,68,69,0.8,1008,11,10,277,33,Melbourne
2018-07-08,12,10,0.0,4.9,3,24,02:46 AM,02:16 PM,08:35 AM,06:15 PM,7,8,11,8,38,91,76,0.9,1019,12,10,246,24,Melbourne
2018-07-09,12,9,0.0,9.8,3,17,03:51 AM,02:53 PM,08:35 AM,06:16 PM,7,8,10,8,24,56,81,0.9,1027,12,10,230,15,Melbourne
2018-07-10,12,6,0.0,9.8,3,10,04:58 AM,03:36 PM,08:35 AM,06:16 PM,5,8,9,8,13,45,76,0.1,1028,12,10,293,8,Melbourne
2018-07-11,10,6,0.0,6.6,2,3,06:07 AM,04:26 PM,08:34 AM,06:17 PM,3,5,8,5,23,44,74,0.1,1023,10,10,105,15,Melbourne
2018-07-12,10,4,0.0,9.8,3,0,07:16 AM,05:24 PM,08:34 AM,06:17 PM,4,7,7,7,6,26,80,0.0,1022,10,10,210,4,Melbourne
2018-07-13,12,7,0.0,9.8,3,0,08:19 AM,06:29 PM,08:34 AM,06:18 PM,6,8,9,8,12,43,80,0.4,1022,12,10,232,8,Melbourne
2018-07-14,12,6,0.0,9.9,3,4,09:18 AM,07:40 PM,08:33 AM,06:19 PM,4,8,9,8,16,9,74,0.0,1020,12,10,297,9,Melbourne
2018-07-15,12,6,0.0,9.9,3,12,10:08 AM,08:52 PM,08:33 AM,06:19 PM,3,5,9,5,39,19,67,0.0,1014,12,10,268,26,Melbourne
2018-07-16,12,7,0.0,9.9,3,19,10:52 AM,10:03 PM,08:32 AM,06:20 PM,2,6,9,6,43,34,60,0.6,1008,12,9,221,29,Melbourne
2018-07-17,15,8,0.0,9.9,4,26,11:30 AM,11:12 PM,08:32 AM,06:21 PM,5,7,10,7,54,20,68,0.0,1006,15,10,289,36,Melbourne
2018-07-18,13,7,0.0,9.9,3,34,12:05 PM,No moonset,08:31 AM,06:21 PM,4,7,10,7,38,14,67,0.0,1014,13,10,333,25,Melbourne
2018-07-19,16,8,0.0,9.9,4,41,12:37 PM,12:17 AM,08:30 AM,06:22 PM,4,8,11,8,39,25,63,1.6,1007,16,10,324,26,Melbourne
2018-07-20,11,6,0.0,9.9,3,48,01:10 PM,01:21 AM,08:30 AM,06:23 PM,4,5,8,5,33,49,76,0.6,1010,11,10,274,22,Melbourne
2018-07-21,12,6,0.0,8.3,3,55,01:42 PM,02:22 AM,08:29 AM,06:24 PM,4,6,8,6,20,42,76,0.2,1022,12,10,269,12,Melbourne
2018-07-22,12,6,0.0,10.0,3,63,02:16 PM,03:22 AM,08:29 AM,06:24 PM,3,5,9,5,33,33,70,0.0,1021,12,10,97,22,Melbourne
2018-07-23,11,7,0.0,10.0,3,70,02:53 PM,04:20 AM,08:28 AM,06:25 PM,2,5,9,5,60,36,63,0.7,1011,11,9,52,40,Melbourne
2018-07-24,13,8,0.0,8.3,4,77,03:34 PM,05:17 AM,08:27 AM,06:26 PM,7,7,10,7,39,39,78,2.0,1008,13,9,325,25,Melbourne
2018-07-25,13,7,0.0,10.0,4,84,04:17 PM,06:10 AM,08:26 AM,06:27 PM,5,8,10,8,25,29,73,0.1,1015,13,10,306,16,Melbourne
2018-07-26,13,6,0.0,10.0,3,92,05:05 PM,07:01 AM,08:26 AM,06:28 PM,6,8,10,8,21,33,79,0.2,1017,13,10,336,13,Melbourne
2018-07-27,16,8,0.0,10.0,4,99,05:57 PM,07:48 AM,08:25 AM,06:28 PM,8,10,11,10,26,21,79,0.4,1014,16,10,344,16,Melbourne
2018-07-28,16,10,0.0,10.0,4,100,06:50 PM,08:29 AM,08:24 AM,06:29 PM,7,11,12,11,23,44,71,0.0,1011,16,10,225,15,Melbourne
2018-07-29,12,8,0.0,8.3,3,86,07:46 PM,09:08 AM,08:23 AM,06:30 PM,6,7,10,7,39,69,74,2.5,1005,12,9,264,27,Melbourne
2018-07-30,12,6,0.0,6.7,2,79,08:42 PM,09:43 AM,08:22 AM,06:31 PM,4,6,9,6,33,49,69,0.2,1014,12,10,314,22,Melbourne
2018-07-31,13,8,0.0,10.0,4,75,09:39 PM,10:14 AM,08:21 AM,06:32 PM,5,8,11,8,40,36,69,1.3,1011,13,10,324,27,Melbourne
2018-08-01,13,7,0.0,10.1,3,65,10:37 PM,10:45 AM,08:21 AM,06:32 PM,5,8,10,8,19,20,73,0.0,1019,13,10,214,11,Melbourne
2018-08-02,13,6,0.0,8.3,3,57,11:36 PM,11:15 AM,08:20 AM,06:33 PM,4,7,10,7,34,53,70,0.0,1019,13,10,14,23,Melbourne
2018-08-03,16,9,0.0,8.3,3,50,No moonrise,11:45 AM,08:19 AM,06:34 PM,4,9,12,9,45,74,63,1.0,1006,16,10,88,29,Melbourne
2018-08-04,13,8,0.0,10.0,4,43,12:35 AM,12:16 PM,08:18 AM,06:35 PM,6,8,11,8,38,43,73,0.1,1010,13,10,249,25,Melbourne
2018-08-05,15,10,0.0,10.2,4,36,01:38 AM,12:50 PM,08:17 AM,06:36 PM,3,10,12,10,50,11,52,0.0,1006,15,10,52,32,Melbourne
2018-08-06,10,7,0.0,5.1,2,28,02:42 AM,01:29 PM,08:16 AM,06:37 PM,5,6,9,6,37,71,74,2.7,999,10,10,317,25,Melbourne
2018-08-07,12,6,0.0,8.4,3,21,03:48 AM,02:14 PM,08:15 AM,06:37 PM,4,6,9,6,35,64,69,0.1,1007,12,10,304,23,Melbourne
2018-08-08,12,8,0.0,8.4,2,14,04:55 AM,03:06 PM,08:13 AM,06:38 PM,7,7,10,7,33,63,81,17.3,1011,12,9,303,22,Melbourne
2018-08-09,12,6,0.0,10.3,3,6,06:00 AM,04:07 PM,08:12 AM,06:39 PM,4,6,9,6,31,20,73,0.0,1020,12,10,262,20,Melbourne
2018-08-10,16,10,0.0,10.3,4,0,07:00 AM,05:15 PM,08:11 AM,06:40 PM,4,10,13,10,61,22,54,0.0,1010,16,10,48,39,Melbourne
2018-08-11,13,6,0.0,6.8,2,0,07:54 AM,06:26 PM,08:10 AM,06:41 PM,5,7,10,7,24,80,72,4.9,1007,13,10,293,16,Melbourne
2018-08-12,12,5,0.0,6.8,3,1,08:42 AM,07:39 PM,08:09 AM,06:42 PM,4,6,9,6,29,51,73,0.1,1018,12,10,277,19,Melbourne
2018-08-13,13,9,0.0,6.8,3,8,09:24 AM,08:51 PM,08:08 AM,06:43 PM,7,9,11,9,27,69,81,0.5,1022,13,10,275,17,Melbourne
2018-08-14,14,7,0.0,10.4,4,15,10:01 AM,10:00 PM,08:07 AM,06:43 PM,7,8,11,8,38,10,75,0.0,1019,14,10,301,24,Melbourne
2018-08-15,13,9,0.0,10.0,4,22,10:35 AM,11:07 PM,08:05 AM,06:44 PM,5,9,12,9,45,39,63,1.5,1007,13,10,306,28,Melbourne
2018-08-16,13,7,0.0,10.4,3,30,11:09 AM,No moonset,08:04 AM,06:45 PM,5,7,10,7,25,32,72,0.3,1012,13,10,279,16,Melbourne
2018-08-17,13,7,0.0,10.4,3,37,11:42 AM,12:11 AM,08:03 AM,06:46 PM,4,8,10,8,29,42,69,0.0,1012,13,10,336,19,Melbourne
2018-08-18,11,7,0.0,10.5,3,44,12:16 PM,01:13 AM,08:02 AM,06:47 PM,4,6,9,6,38,42,71,2.8,1008,11,10,284,26,Melbourne
2018-08-19,10,7,0.0,8.4,2,51,12:52 PM,02:13 AM,08:00 AM,06:48 PM,3,4,8,4,44,67,71,3.1,1019,10,10,226,29,Melbourne
2018-08-20,11,5,0.0,10.1,3,59,01:32 PM,03:11 AM,07:59 AM,06:48 PM,5,6,8,6,26,54,77,0.4,1022,11,10,270,17,Melbourne
2018-08-21,11,7,0.0,7.0,3,66,02:15 PM,04:05 AM,07:58 AM,06:49 PM,5,7,9,7,25,70,77,1.1,1016,11,10,262,16,Melbourne
2018-08-22,12,7,0.0,10.1,3,73,03:01 PM,04:57 AM,07:57 AM,06:50 PM,6,9,10,9,10,55,76,0.4,1017,12,10,194,6,Melbourne
2018-08-23,14,6,0.0,11.0,3,81,03:52 PM,05:45 AM,07:55 AM,06:51 PM,5,9,10,9,12,16,73,0.0,1020,14,10,60,7,Melbourne
2018-08-24,14,6,0.0,11.0,3,88,04:45 PM,06:28 AM,07:54 AM,06:52 PM,6,11,11,11,9,2,71,0.0,1023,14,10,202,6,Melbourne
2018-08-25,15,6,0.0,11.0,3,95,05:40 PM,07:08 AM,07:53 AM,06:53 PM,6,12,12,12,4,0,70,0.0,1020,15,10,211,3,Melbourne
2018-08-26,14,5,0.0,8.6,3,100,06:36 PM,07:44 AM,07:51 AM,06:54 PM,6,9,10,9,15,37,75,0.6,1018,14,10,260,10,Melbourne
2018-08-27,11,6,0.0,10.1,3,100,07:34 PM,08:17 AM,07:50 AM,06:54 PM,2,6,9,6,25,40,61,0.2,1025,11,10,176,16,Melbourne
2018-08-28,11,3,0.0,11.1,3,83,08:31 PM,08:48 AM,07:48 AM,06:55 PM,1,7,8,7,11,5,63,0.0,1024,11,10,157,7,Melbourne
2018-08-29,12,2,0.0,11.1,3,76,09:30 PM,09:18 AM,07:47 AM,06:56 PM,1,8,8,8,8,5,63,0.0,1021,12,10,110,5,Melbourne
2018-08-30,11,6,0.0,7.1,2,69,10:29 PM,09:48 AM,07:46 AM,06:57 PM,2,6,9,6,36,52,61,0.2,1015,11,10,20,22,Melbourne
2018-08-31,13,10,0.0,7.1,3,65,11:31 PM,10:18 AM,07:44 AM,06:58 PM,5,9,11,9,35,65,68,1.7,1001,13,10,199,21,Melbourne
2018-09-01,12,7,0.0,8.6,3,48,No moonrise,10:51 AM,07:43 AM,06:59 PM,6,8,10,8,25,63,79,0.8,1011,12,10,240,17,Melbourne
2018-09-02,11,5,0.0,10.1,3,41,12:33 AM,11:27 AM,07:41 AM,06:59 PM,3,6,8,6,18,34,72,0.3,1022,11,10,198,11,Melbourne
2018-09-03,13,4,0.0,11.6,3,33,01:37 AM,12:08 PM,07:40 AM,07:00 PM,4,8,9,8,11,8,71,0.0,1028,13,10,153,7,Melbourne
2018-09-04,16,5,0.0,11.6,4,26,02:42 AM,12:56 PM,07:38 AM,07:01 PM,5,10,10,10,12,13,72,0.0,1028,16,10,82,7,Melbourne
2018-09-05,17,9,0.0,11.6,4,18,03:46 AM,01:52 PM,07:37 AM,07:02 PM,7,11,13,11,34,18,68,0.0,1020,17,10,19,21,Melbourne
2018-09-06,15,11,0.0,8.7,4,11,04:46 AM,02:54 PM,07:35 AM,07:03 PM,9,11,13,11,39,61,79,8.3,1011,15,9,70,25,Melbourne
2018-09-07,13,6,0.0,11.6,3,3,05:42 AM,04:02 PM,07:34 AM,07:04 PM,5,8,10,8,16,21,74,0.2,1016,13,10,222,10,Melbourne
2018-09-08,14,6,0.0,11.6,4,0,06:31 AM,05:14 PM,07:32 AM,07:05 PM,5,10,11,10,13,22,69,0.0,1017,14,10,318,8,Melbourne
2018-09-09,15,9,0.0,8.7,4,0,07:15 AM,06:26 PM,07:31 AM,07:05 PM,8,10,12,10,26,56,78,0.2,1019,15,10,291,15,Melbourne
2018-09-10,16,9,0.0,10.2,4,0,07:54 AM,07:37 PM,07:29 AM,07:06 PM,10,12,12,12,10,36,84,0.0,1024,16,10,207,6,Melbourne
2018-09-11,20,11,0.0,11.6,5,4,08:30 AM,08:46 PM,07:28 AM,07:07 PM,9,15,15,15,39,14,67,0.0,1013,20,10,45,23,Melbourne
2018-09-12,15,9,0.0,11.6,4,12,09:04 AM,09:53 PM,07:26 AM,07:08 PM,5,11,12,11,24,20,63,0.2,1014,15,10,283,16,Melbourne
2018-09-13,17,7,0.0,11.6,4,19,09:38 AM,10:58 PM,07:25 AM,07:09 PM,6,11,12,11,21,7,69,0.0,1019,17,10,339,12,Melbourne
2018-09-14,19,10,0.0,11.6,4,27,10:12 AM,No moonset,07:23 AM,07:10 PM,6,13,14,13,41,3,59,0.0,1013,19,10,94,24,Melbourne
2018-09-15,17,6,0.0,10.2,3,34,10:49 AM,12:00 AM,07:21 AM,07:10 PM,3,8,11,8,48,36,57,1.5,1006,17,9,246,32,Melbourne
2018-09-16,12,5,0.0,10.2,3,42,11:28 AM,01:01 AM,07:20 AM,07:11 PM,2,6,9,6,22,34,65,0.0,1021,12,10,266,15,Melbourne
2018-09-17,15,6,0.0,11.6,4,49,12:10 PM,01:58 AM,07:18 AM,07:12 PM,4,9,11,9,30,34,65,0.0,1020,15,10,261,19,Melbourne
2018-09-18,18,9,0.0,11.6,4,57,12:56 PM,02:51 AM,07:17 AM,07:13 PM,3,10,12,10,40,20,56,0.3,1011,18,10,249,27,Melbourne
2018-09-19,13,6,0.0,11.6,3,64,01:45 PM,03:41 AM,07:15 AM,07:14 PM,4,8,9,8,18,18,69,0.3,1014,13,10,274,13,Melbourne
2018-09-20,15,5,0.0,10.2,4,72,02:37 PM,04:26 AM,07:14 AM,07:15 PM,5,9,10,9,14,39,69,0.0,1021,15,10,277,8,Melbourne
2018-09-21,16,8,0.0,11.6,4,80,03:32 PM,05:07 AM,07:12 AM,07:16 PM,8,12,12,12,10,28,75,0.0,1026,16,10,289,6,Melbourne
2018-09-22,18,9,0.0,11.6,4,87,04:28 PM,05:44 AM,07:10 AM,07:16 PM,8,12,12,12,11,26,77,0.0,1027,18,10,274,7,Melbourne
2018-09-23,12,9,0.0,7.4,3,95,05:26 PM,06:18 AM,07:09 AM,07:17 PM,5,8,10,8,23,63,72,0.3,1030,12,9,198,16,Melbourne
2018-09-24,15,7,0.0,11.6,4,100,06:23 PM,06:49 AM,07:07 AM,07:18 PM,5,8,10,8,20,20,69,0.0,1030,15,10,169,14,Melbourne
2018-09-25,12,6,0.0,11.6,3,100,07:23 PM,07:20 AM,07:06 AM,07:19 PM,5,8,9,8,16,23,73,0.0,1027,12,10,173,11,Melbourne
2018-09-26,17,6,0.0,11.6,4,83,08:23 PM,07:50 AM,07:04 AM,07:20 PM,5,11,12,11,10,7,66,0.0,1022,17,10,150,6,Melbourne
2018-09-27,19,10,0.0,11.6,4,75,09:24 PM,08:20 AM,07:03 AM,07:21 PM,7,12,14,12,31,16,65,0.0,1015,19,10,97,19,Melbourne
2018-09-28,13,7,0.0,6.1,2,68,10:27 PM,08:52 AM,07:01 AM,07:22 PM,6,8,10,8,21,69,78,1.1,1016,13,10,263,14,Melbourne
2018-09-29,12,5,0.0,7.6,2,60,11:31 PM,09:28 AM,06:59 AM,07:23 PM,3,6,9,6,20,39,67,0.0,1026,12,10,246,13,Melbourne
2018-09-30,16,6,0.0,11.6,4,52,No moonrise,10:07 AM,06:58 AM,07:23 PM,6,10,11,10,11,10,72,0.0,1030,16,10,222,7,Melbourne
2018-10-01,20,9,0.0,11.6,4,51,12:35 AM,10:53 AM,06:56 AM,07:24 PM,7,14,14,14,11,22,63,0.0,1027,20,10,177,7,Melbourne
2018-10-02,21,11,0.0,10.3,5,43,01:39 AM,11:45 AM,06:55 AM,07:25 PM,9,16,16,16,21,54,64,0.1,1021,21,10,61,11,Melbourne
2018-10-03,19,11,0.0,7.7,3,36,02:39 AM,12:43 PM,06:53 AM,07:26 PM,9,14,15,14,24,53,69,1.2,1016,19,10,239,15,Melbourne
2018-10-04,14,9,0.0,10.3,4,29,03:35 AM,01:47 PM,06:52 AM,07:27 PM,7,10,12,10,20,55,72,0.2,1021,14,10,178,14,Melbourne
2018-10-05,18,8,0.0,11.6,4,21,04:24 AM,02:55 PM,06:50 AM,07:28 PM,7,12,13,12,17,7,71,0.0,1024,18,10,173,11,Melbourne
2018-10-06,21,9,0.0,11.6,4,14,05:09 AM,04:05 PM,06:49 AM,07:29 PM,8,14,15,14,15,8,67,0.0,1023,21,10,179,9,Melbourne
2018-10-07,23,10,0.0,11.6,5,7,05:49 AM,05:16 PM,06:47 AM,07:30 PM,9,16,16,16,9,11,63,0.1,1021,23,10,98,5,Melbourne
2018-10-08,24,13,0.0,11.6,5,0,06:25 AM,06:24 PM,06:46 AM,07:31 PM,9,18,18,18,12,33,59,0.0,1018,24,10,119,6,Melbourne
2018-10-09,15,11,0.0,6.4,3,0,06:59 AM,07:33 PM,06:44 AM,07:32 PM,11,12,13,12,18,86,88,4.5,1015,15,8,174,11,Melbourne
2018-10-10,15,8,0.0,11.6,4,0,07:33 AM,08:39 PM,06:43 AM,07:33 PM,5,9,11,9,31,15,66,0.1,1021,15,10,135,22,Melbourne
2018-10-11,18,6,0.0,11.6,4,7,08:07 AM,09:44 PM,06:41 AM,07:34 PM,6,12,13,12,13,1,63,0.0,1024,18,10,133,9,Melbourne
2018-10-12,20,9,0.0,11.6,4,15,08:43 AM,10:46 PM,06:40 AM,07:34 PM,8,14,15,14,13,1,65,0.0,1024,20,10,98,8,Melbourne
2018-10-13,21,11,0.0,11.6,5,22,09:22 AM,11:46 PM,06:38 AM,07:35 PM,8,15,16,15,18,12,62,0.0,1021,21,10,37,11,Melbourne
2018-10-14,22,14,0.0,11.6,5,29,10:03 AM,No moonset,06:37 AM,07:36 PM,11,18,19,18,32,18,64,0.0,1019,22,10,24,18,Melbourne
2018-10-15,23,16,0.0,10.3,5,36,10:48 AM,12:42 AM,06:35 AM,07:37 PM,12,20,21,20,40,36,60,0.7,1016,23,10,25,22,Melbourne
2018-10-16,22,16,0.0,10.3,4,44,11:36 AM,01:35 AM,06:34 AM,07:38 PM,14,18,19,18,42,69,76,6.0,1013,22,10,19,25,Melbourne
2018-10-17,19,14,0.0,10.3,4,51,12:27 PM,02:22 AM,06:33 AM,07:39 PM,12,16,16,16,21,49,78,1.7,1013,19,10,299,14,Melbourne
2018-10-18,18,13,0.0,6.5,3,58,01:22 PM,03:04 AM,06:31 AM,07:40 PM,11,14,15,14,18,84,80,1.2,1014,18,10,334,12,Melbourne
2018-10-19,23,12,0.0,9.1,5,66,02:17 PM,03:43 AM,06:30 AM,07:41 PM,11,18,19,18,31,34,65,0.0,1012,23,10,96,18,Melbourne
2018-10-20,19,10,0.0,9.1,4,73,03:14 PM,04:17 AM,06:28 AM,07:42 PM,8,12,13,12,22,58,71,0.8,1014,19,9,229,14,Melbourne
2018-10-21,17,8,0.0,11.6,4,80,04:12 PM,04:50 AM,06:27 AM,07:43 PM,8,12,13,12,11,22,73,0.0,1019,17,10,204,7,Melbourne
2018-10-22,23,10,0.0,10.3,5,87,05:11 PM,05:20 AM,06:26 AM,07:44 PM,8,17,18,17,30,15,55,0.0,1013,23,10,131,18,Melbourne
2018-10-23,16,10,0.0,6.6,3,95,06:11 PM,05:50 AM,06:24 AM,07:45 PM,8,12,13,12,18,60,74,0.0,1014,16,10,212,12,Melbourne
2018-10-24,16,8,0.0,10.4,4,100,07:13 PM,06:20 AM,06:23 AM,07:46 PM,4,10,12,10,21,26,62,0.0,1022,16,10,184,15,Melbourne
2018-10-25,19,6,0.0,11.6,4,100,08:16 PM,06:52 AM,06:22 AM,07:47 PM,5,12,12,12,13,18,64,0.0,1019,19,10,225,9,Melbourne
2018-10-26,16,8,0.0,10.4,4,84,09:22 PM,07:27 AM,06:21 AM,07:48 PM,8,12,12,12,13,41,75,0.0,1019,16,10,207,9,Melbourne
2018-10-27,17,9,0.0,7.9,3,76,10:28 PM,08:05 AM,06:19 AM,07:49 PM,8,11,12,11,22,71,77,0.3,1017,17,10,231,15,Melbourne
2018-10-28,16,8,0.0,11.6,4,69,11:33 PM,08:49 AM,06:18 AM,07:50 PM,4,10,11,10,20,6,62,0.0,1019,16,10,172,14,Melbourne
2018-10-29,17,8,0.0,11.6,4,62,No moonrise,09:40 AM,06:17 AM,07:51 PM,6,11,12,11,14,26,68,0.0,1018,17,10,170,10,Melbourne
2018-10-30,23,9,0.0,9.1,5,54,12:35 AM,10:37 AM,06:16 AM,07:52 PM,8,16,16,16,12,40,63,0.0,1016,23,10,264,7,Melbourne
2018-10-31,20,11,0.0,10.4,4,51,01:33 AM,11:40 AM,06:15 AM,07:53 PM,11,15,15,15,7,48,79,0.0,1019,20,10,173,5,Melbourne
2018-11-01,29,15,0.0,10.4,6,34,02:23 AM,12:46 PM,06:14 AM,07:55 PM,11,22,22,22,20,46,53,0.0,1013,29,10,226,11,Melbourne
2018-11-02,27,15,0.0,10.4,6,26,03:08 AM,01:54 PM,06:12 AM,07:56 PM,10,23,23,22,48,40,48,2.0,1007,27,10,311,26,Melbourne
2018-11-03,18,11,0.0,10.4,4,19,03:48 AM,03:02 PM,06:11 AM,07:57 PM,7,13,14,13,25,39,60,0.0,1016,18,10,259,18,Melbourne
2018-11-04,21,9,0.0,11.6,4,11,04:24 AM,04:09 PM,06:10 AM,07:58 PM,8,15,15,15,10,19,65,0.0,1013,21,10,262,6,Melbourne
2018-11-05,23,14,0.0,10.4,5,4,04:58 AM,05:16 PM,06:09 AM,07:59 PM,13,18,19,18,19,56,72,5.3,1006,23,10,190,11,Melbourne
2018-11-06,19,13,0.0,8.1,4,0,05:31 AM,06:21 PM,06:08 AM,08:00 PM,14,16,16,16,15,66,88,3.1,1005,19,10,171,9,Melbourne
2018-11-07,14,9,0.0,11.6,4,0,06:04 AM,07:27 PM,06:07 AM,08:01 PM,5,9,11,9,24,35,68,0.7,1010,14,10,247,16,Melbourne
2018-11-08,15,7,0.0,10.4,4,0,06:38 AM,08:30 PM,06:06 AM,08:02 PM,5,10,11,10,16,35,64,0.1,1019,15,10,219,11,Melbourne
2018-11-09,17,9,0.0,8.1,3,4,07:15 AM,09:32 PM,06:05 AM,08:03 PM,7,12,13,12,12,61,68,1.3,1019,17,10,257,8,Melbourne
2018-11-10,18,9,0.0,11.6,4,11,07:55 AM,10:31 PM,06:04 AM,08:04 PM,9,14,14,14,13,13,71,0.0,1019,18,10,239,9,Melbourne
2018-11-11,20,10,0.0,11.6,4,19,08:39 AM,11:26 PM,06:04 AM,08:05 PM,9,14,15,14,12,12,70,0.0,1021,20,10,170,9,Melbourne
2018-11-12,26,11,0.0,10.5,5,26,09:27 AM,No moonset,06:03 AM,08:06 PM,9,19,20,19,18,45,57,0.0,1017,26,10,114,9,Melbourne
2018-11-13,28,16,0.0,11.6,6,34,10:17 AM,12:16 AM,06:02 AM,08:07 PM,9,22,22,22,37,46,46,0.0,1010,28,10,33,20,Melbourne
2018-11-14,18,13,0.0,7.0,3,41,11:11 AM,01:01 AM,06:01 AM,08:08 PM,13,15,15,15,11,90,86,1.6,1015,18,9,181,8,Melbourne
2018-11-15,17,11,0.0,14.1,4,49,12:05 PM,01:41 AM,06:00 AM,08:09 PM,7,13,14,13,23,27,64,0.2,1022,17,10,181,17,Melbourne
2018-11-16,19,8,0.0,14.1,4,56,01:02 PM,02:17 AM,06:00 AM,08:11 PM,6,13,13,13,16,4,62,0.0,1021,19,10,195,12,Melbourne
2018-11-17,18,9,0.0,14.5,4,64,01:59 PM,02:49 AM,05:59 AM,08:12 PM,6,13,14,13,22,7,62,0.0,1023,18,10,173,16,Melbourne
2018-11-18,24,9,0.0,14.5,5,72,02:56 PM,03:20 AM,05:58 AM,08:13 PM,10,18,18,18,13,4,62,0.0,1020,24,10,98,8,Melbourne
2018-11-19,26,15,0.0,13.4,6,79,03:55 PM,03:50 AM,05:58 AM,08:14 PM,10,21,22,21,29,26,51,0.0,1014,26,10,24,17,Melbourne
2018-11-20,22,16,0.0,11.3,5,87,04:56 PM,04:19 AM,05:57 AM,08:15 PM,13,20,21,20,35,62,68,5.1,1005,22,9,171,19,Melbourne
2018-11-21,19,11,0.0,14.5,4,94,05:59 PM,04:50 AM,05:56 AM,08:16 PM,9,15,15,15,14,46,71,7.2,1000,19,9,241,10,Melbourne
2018-11-22,13,9,0.0,13.4,4,100,07:05 PM,05:23 AM,05:56 AM,08:17 PM,7,9,11,9,25,46,75,2.0,997,13,10,166,18,Melbourne
2018-11-23,12,10,0.0,9.1,3,100,08:12 PM,06:00 AM,05:55 AM,08:18 PM,9,9,12,9,41,100,83,3.5,1005,12,9,238,29,Melbourne
2018-11-24,15,12,0.0,9.2,3,83,09:20 PM,06:42 AM,05:55 AM,08:19 PM,10,11,13,11,26,87,84,1.3,1007,15,10,221,18,Melbourne
2018-11-25,17,11,0.0,11.3,3,76,10:26 PM,07:31 AM,05:54 AM,08:20 PM,10,13,14,13,17,58,80,0.5,1007,17,10,211,13,Melbourne
2018-11-26,18,11,0.0,12.4,4,68,11:27 PM,08:27 AM,05:54 AM,08:21 PM,10,14,14,14,14,47,79,0.0,1008,18,9,202,10,Melbourne
2018-11-27,20,12,0.0,12.4,5,60,No moonrise,09:30 AM,05:53 AM,08:22 PM,12,15,16,15,16,59,78,0.0,1006,20,10,181,12,Melbourne
2018-11-28,20,13,0.0,14.5,5,53,12:22 AM,10:37 AM,05:53 AM,08:23 PM,11,15,16,15,26,40,75,0.0,1009,20,10,170,20,Melbourne
2018-11-29,18,13,0.0,11.3,3,45,01:09 AM,11:46 AM,05:53 AM,08:24 PM,11,14,15,14,18,70,79,0.2,1013,18,10,180,14,Melbourne
2018-11-30,20,13,0.0,13.4,5,38,01:51 AM,12:54 PM,05:52 AM,08:25 PM,10,16,16,16,13,38,72,0.0,1012,20,10,188,10,Melbourne
2018-12-01,27,15,0.0,14.5,6,36,02:27 AM,02:01 PM,05:52 AM,08:26 PM,8,21,21,21,27,8,47,0.0,1006,27,10,180,16,Melbourne
2018-12-02,20,13,0.0,13.4,5,29,03:01 AM,03:07 PM,05:52 AM,08:27 PM,7,14,15,14,28,51,61,0.8,1004,20,10,259,20,Melbourne
2018-12-03,18,12,0.0,9.2,3,22,03:33 AM,04:11 PM,05:52 AM,08:28 PM,10,14,15,14,31,74,71,0.3,1010,18,10,277,21,Melbourne
2018-12-04,19,12,0.0,13.4,5,15,04:05 AM,05:15 PM,05:52 AM,08:29 PM,10,15,15,15,17,43,73,0.3,1018,19,10,202,12,Melbourne
2018-12-05,24,11,0.0,13.4,5,7,04:37 AM,06:18 PM,05:52 AM,08:30 PM,11,18,18,18,10,19,66,0.0,1019,24,10,173,7,Melbourne
2018-12-06,30,15,0.0,14.5,6,0,05:13 AM,07:20 PM,05:51 AM,08:31 PM,12,24,24,24,28,7,52,0.0,1015,30,10,105,15,Melbourne
2018-12-07,32,24,0.0,14.5,7,0,05:51 AM,08:19 PM,05:51 AM,08:32 PM,10,27,27,27,48,10,35,0.0,1013,32,10,179,25,Melbourne
2018-12-08,29,17,0.0,14.5,5,0,06:32 AM,09:16 PM,05:51 AM,08:32 PM,14,24,24,23,13,43,61,1.3,1016,29,10,204,8,Melbourne
2018-12-09,23,15,0.0,13.5,4,7,07:18 AM,10:09 PM,05:51 AM,08:33 PM,13,18,18,18,12,49,77,4.1,1017,23,10,195,9,Melbourne
2018-12-10,20,13,0.0,13.5,5,14,08:08 AM,10:56 PM,05:51 AM,08:34 PM,11,16,16,16,17,17,71,0.1,1018,20,10,201,12,Melbourne
2018-12-11,24,13,0.0,14.5,5,21,09:00 AM,11:39 PM,05:52 AM,08:35 PM,12,18,18,18,13,24,69,0.0,1016,24,10,180,10,Melbourne
2018-12-12,29,15,0.0,13.5,6,29,09:55 AM,No moonset,05:52 AM,08:36 PM,14,23,23,22,22,46,61,0.0,1007,29,10,91,13,Melbourne
2018-12-13,20,16,0.0,10.3,4,36,10:51 AM,12:16 AM,05:52 AM,08:36 PM,15,18,18,18,14,81,84,3.6,998,20,7,204,10,Melbourne
2018-12-14,21,14,0.0,11.4,4,43,11:47 AM,12:50 AM,05:52 AM,08:37 PM,15,18,18,18,8,58,86,8.4,1003,21,9,152,5,Melbourne
2018-12-15,25,16,0.0,14.5,5,51,12:43 PM,01:21 AM,05:52 AM,08:38 PM,13,20,20,20,15,25,68,0.2,1004,25,9,83,9,Melbourne
2018-12-16,21,16,0.0,14.5,5,58,01:41 PM,01:50 AM,05:53 AM,08:39 PM,12,18,18,18,17,43,67,1.7,1006,21,10,265,11,Melbourne
2018-12-17,21,15,0.0,11.4,4,65,02:39 PM,02:18 AM,05:53 AM,08:39 PM,14,18,18,18,14,51,79,0.0,1011,21,10,235,11,Melbourne
2018-12-18,21,15,0.0,12.4,5,72,03:40 PM,02:48 AM,05:53 AM,08:40 PM,13,17,17,17,16,65,76,0.1,1014,21,10,191,12,Melbourne
2018-12-19,25,15,0.0,13.5,5,80,04:43 PM,03:19 AM,05:54 AM,08:40 PM,15,20,20,20,5,48,74,0.0,1011,25,10,230,4,Melbourne
2018-12-20,20,15,0.0,10.3,4,87,05:50 PM,03:53 AM,05:54 AM,08:41 PM,14,17,18,17,19,57,78,0.1,1009,20,10,216,15,Melbourne
2018-12-21,21,14,0.0,10.3,4,94,06:57 PM,04:32 AM,05:54 AM,08:42 PM,12,15,16,15,24,80,78,3.7,1010,21,10,186,18,Melbourne
2018-12-22,18,13,0.0,13.5,5,100,08:06 PM,05:18 AM,05:55 AM,08:42 PM,9,15,15,15,22,40,69,1.7,1018,18,9,181,17,Melbourne
2018-12-23,25,11,0.0,14.5,5,100,09:12 PM,06:11 AM,05:55 AM,08:43 PM,10,19,20,19,7,4,59,0.0,1020,25,10,170,5,Melbourne
2018-12-24,29,15,0.0,14.5,6,84,10:11 PM,07:13 AM,05:56 AM,08:43 PM,9,22,22,23,20,1,45,0.0,1016,29,10,207,11,Melbourne
2018-12-25,30,16,0.0,14.5,6,77,11:04 PM,08:20 AM,05:56 AM,08:43 PM,12,22,22,22,12,5,56,0.0,1016,30,10,188,9,Melbourne
2018-12-26,27,13,0.0,14.5,5,69,11:50 PM,09:32 AM,05:57 AM,08:44 PM,12,20,21,20,11,1,60,0.0,1014,27,10,178,8,Melbourne
2018-12-27,34,17,0.0,14.5,7,62,No moonrise,10:42 AM,05:58 AM,08:44 PM,11,26,26,26,17,21,42,0.0,1008,34,10,202,9,Melbourne
2018-12-28,33,22,0.0,13.5,7,55,12:29 AM,11:52 AM,05:58 AM,08:44 PM,11,27,27,26,22,50,41,0.0,1006,33,10,195,12,Melbourne
2018-12-29,24,18,0.0,13.5,6,48,01:04 AM,12:59 PM,05:59 AM,08:45 PM,16,21,22,21,13,55,72,1.2,1011,24,9,182,9,Melbourne
2018-12-30,23,16,0.0,12.3,4,40,01:37 AM,02:05 PM,06:00 AM,08:45 PM,15,18,19,18,14,51,81,5.6,1012,23,9,186,10,Melbourne
2018-12-31,26,15,0.0,14.5,5,36,02:08 AM,03:08 PM,06:00 AM,08:45 PM,13,19,19,19,13,26,68,2.3,1011,26,10,185,10,Melbourne
2019-01-01,28,18,0.0,11.6,6,26,02:40 AM,04:10 PM,06:01 AM,08:45 PM,10,22,22,22,11,0,51,0.0,1011,28,10,194,9,Melbourne
